{
  "coverage_rate": 1.0,
  "covered_chunks": 66,
  "total_chunks": 66,
  "uncovered_chunks": [],
  "max_similarities": [
    0.9036429592377955,
    0.9042094357425982,
    0.8871957110853892,
    0.8695804426800142,
    0.8579930175001363,
    0.7935469186080617,
    0.9059238420752274,
    0.9154169070051543,
    0.7893087729296993,
    0.8146428224038541,
    0.9008265396273898,
    0.8915661655122409,
    0.9736339539690305,
    0.8817713312394473,
    0.8458455182375191,
    0.8463869822787939,
    0.8753140359148575,
    0.8624791749803963,
    0.8167778510300432,
    0.9319931735244531,
    0.8420280866668755,
    0.9426661307547021,
    0.9147281235747593,
    0.8962692484955189,
    0.7948172442420998,
    0.7970538832860671,
    0.8539000416893613,
    0.8629339604530069,
    0.8554491145547791,
    0.7809132923203472,
    0.8346103773819152,
    0.8298957754706944,
    0.9287628141813045,
    0.8529576387550183,
    0.8849797838441025,
    0.8421089142555537,
    0.8561811106591981,
    0.8301194032756792,
    0.8986848717689845,
    0.8351003727148048,
    0.9212546960341772,
    0.9145295655160814,
    0.9025069257979237,
    0.8960191366025585,
    0.8594788280189531,
    0.8456169981723292,
    0.8341677846856705,
    0.8393204192789863,
    0.8329868359412853,
    0.8523630651209924,
    0.8691855912264776,
    0.8785615157676966,
    0.8590345447543497,
    0.8768863959448838,
    0.8879020790006742,
    0.8620205730393413,
    0.866197059803201,
    0.8854430877670043,
    0.8801248229335186,
    0.8166306604295323,
    0.9380245907952514,
    0.922441736258685,
    0.858210041879844,
    0.8387776103500859,
    0.879148875555079,
    0.7586913620785133
  ],
  "threshold": 0.75,
  "multi_threshold": {
    "strict": {
      "threshold": 0.85,
      "covered_chunks": 44,
      "coverage_rate": 0.6666666666666666,
      "uncovered_count": 22,
      "uncovered_chunks": [
        {
          "chunk_id": "wikipedia_ja_0_アンパサンド_chunk_5",
          "similarity": 0.7935469186080617,
          "gap": 0.056453081391938276
        },
        {
          "chunk_id": "wikipedia_ja_0_アンパサンド_chunk_8",
          "similarity": 0.7893087729296993,
          "gap": 0.060691227070300724
        },
        {
          "chunk_id": "wikipedia_ja_0_アンパサンド_chunk_9",
          "similarity": 0.8146428224038541,
          "gap": 0.03535717759614587
        },
        {
          "chunk_id": "wikipedia_ja_1_言語_chunk_4",
          "similarity": 0.8458455182375191,
          "gap": 0.004154481762480899
        },
        {
          "chunk_id": "wikipedia_ja_1_言語_chunk_5",
          "similarity": 0.8463869822787939,
          "gap": 0.0036130177212060355
        },
        {
          "chunk_id": "wikipedia_ja_1_言語_chunk_8",
          "similarity": 0.8167778510300432,
          "gap": 0.03322214896995679
        },
        {
          "chunk_id": "wikipedia_ja_1_言語_chunk_10",
          "similarity": 0.8420280866668755,
          "gap": 0.007971913333124525
        },
        {
          "chunk_id": "wikipedia_ja_1_言語_chunk_14",
          "similarity": 0.7948172442420998,
          "gap": 0.055182755757900215
        },
        {
          "chunk_id": "wikipedia_ja_1_言語_chunk_15",
          "similarity": 0.7970538832860671,
          "gap": 0.0529461167139329
        },
        {
          "chunk_id": "wikipedia_ja_1_言語_chunk_19",
          "similarity": 0.7809132923203472,
          "gap": 0.06908670767965275
        },
        {
          "chunk_id": "wikipedia_ja_1_言語_chunk_20",
          "similarity": 0.8346103773819152,
          "gap": 0.015389622618084742
        },
        {
          "chunk_id": "wikipedia_ja_1_言語_chunk_21",
          "similarity": 0.8298957754706944,
          "gap": 0.020104224529305603
        },
        {
          "chunk_id": "wikipedia_ja_1_言語_chunk_25",
          "similarity": 0.8421089142555537,
          "gap": 0.007891085744446302
        },
        {
          "chunk_id": "wikipedia_ja_1_言語_chunk_27",
          "similarity": 0.8301194032756792,
          "gap": 0.019880596724320743
        },
        {
          "chunk_id": "wikipedia_ja_1_言語_chunk_29",
          "similarity": 0.8351003727148048,
          "gap": 0.014899627285195227
        },
        {
          "chunk_id": "wikipedia_ja_1_言語_chunk_35",
          "similarity": 0.8456169981723292,
          "gap": 0.004383001827670818
        },
        {
          "chunk_id": "wikipedia_ja_1_言語_chunk_36",
          "similarity": 0.8341677846856705,
          "gap": 0.015832215314329434
        },
        {
          "chunk_id": "wikipedia_ja_1_言語_chunk_37",
          "similarity": 0.8393204192789863,
          "gap": 0.010679580721013715
        },
        {
          "chunk_id": "wikipedia_ja_1_言語_chunk_38",
          "similarity": 0.8329868359412853,
          "gap": 0.01701316405871467
        },
        {
          "chunk_id": "wikipedia_ja_1_言語_chunk_49",
          "similarity": 0.8166306604295323,
          "gap": 0.033369339570467726
        },
        {
          "chunk_id": "wikipedia_ja_1_言語_chunk_53",
          "similarity": 0.8387776103500859,
          "gap": 0.011222389649914066
        },
        {
          "chunk_id": "wikipedia_ja_1_言語_chunk_55",
          "similarity": 0.7586913620785133,
          "gap": 0.09130863792148669
        }
      ]
    },
    "standard": {
      "threshold": 0.75,
      "covered_chunks": 66,
      "coverage_rate": 1.0,
      "uncovered_count": 0,
      "uncovered_chunks": []
    },
    "lenient": {
      "threshold": 0.65,
      "covered_chunks": 66,
      "coverage_rate": 1.0,
      "uncovered_count": 0,
      "uncovered_chunks": []
    }
  },
  "chunk_analysis": {
    "by_length": {
      "long": {
        "count": 46,
        "covered": 46,
        "avg_similarity": 0.8632667423412426,
        "coverage_rate": 1.0
      },
      "medium": {
        "count": 19,
        "covered": 19,
        "avg_similarity": 0.8724160122879248,
        "coverage_rate": 1.0
      },
      "short": {
        "count": 1,
        "covered": 1,
        "avg_similarity": 0.8915661655122409,
        "coverage_rate": 1.0
      }
    },
    "by_position": {
      "beginning": {
        "count": 22,
        "covered": 22,
        "avg_similarity": 0.8751249896819856,
        "coverage_rate": 1.0
      },
      "middle": {
        "count": 23,
        "covered": 23,
        "avg_similarity": 0.8627502227344734,
        "coverage_rate": 1.0
      },
      "end": {
        "count": 21,
        "covered": 21,
        "avg_similarity": 0.8610350309896857,
        "coverage_rate": 1.0
      }
    },
    "summary": {
      "total_chunks": 66,
      "total_qa_pairs": 262,
      "threshold_used": 0.75,
      "insights": []
    }
  },
  "dataset_type": "wikipedia_ja",
  "optimal_thresholds": {
    "strict": 0.85,
    "standard": 0.75,
    "lenient": 0.65
  }
}